{"valueType":"relations","values":[[{"_typeName":"Option","id":"cjdh2zair00590166yj25fca9","fieldName":"responded"},{"_typeName":"Response","id":"cjdh520gp00ev0166elolf162","fieldName":"option"}],[{"_typeName":"Option","id":"cjdh2zaj3005a01663dl75ek9","fieldName":"responded"},{"_typeName":"Response","id":"cjdh521ir00f00166mn0ylqs4","fieldName":"option"}],[{"_typeName":"Option","id":"cjdh2zair00590166yj25fca9","fieldName":"responded"},{"_typeName":"Response","id":"cjdha8e4a00x101664o8x6yez","fieldName":"option"}],[{"_typeName":"Option","id":"cjdh30g8w005j0166jyyen6jf","fieldName":"responded"},{"_typeName":"Response","id":"cjdhui96y01h90166dqpoet7z","fieldName":"option"}],[{"_typeName":"Option","id":"cjdh30g8w005k01666blxg2f3","fieldName":"responded"},{"_typeName":"Response","id":"cjdhuiwb201hf0166dpg7yccw","fieldName":"option"}],[{"_typeName":"Option","id":"cjdh30g8w005k01666blxg2f3","fieldName":"responded"},{"_typeName":"Response","id":"cjdhuiyhh01hk01662ysgkeih","fieldName":"option"}],[{"_typeName":"Option","id":"cjdh30g8w005j0166jyyen6jf","fieldName":"responded"},{"_typeName":"Response","id":"cjdhuizss01hq0166lu3o8bq1","fieldName":"option"}],[{"_typeName":"Option","id":"cjdh30g8w005k01666blxg2f3","fieldName":"responded"},{"_typeName":"Response","id":"cjdhuj8lq01hw0166dap5cs57","fieldName":"option"}],[{"_typeName":"Option","id":"cjdh30g8w005j0166jyyen6jf","fieldName":"responded"},{"_typeName":"Response","id":"cjdhujbep01i1016607hitfp1","fieldName":"option"}],[{"_typeName":"Option","id":"cjdh30g8w005j0166jyyen6jf","fieldName":"responded"},{"_typeName":"Response","id":"cjdhujg8q01i70166y25ds37p","fieldName":"option"}],[{"_typeName":"Option","id":"cjdh30g8w005j0166jyyen6jf","fieldName":"responded"},{"_typeName":"Response","id":"cjdhujihg01ic01668v8selz8","fieldName":"option"}],[{"_typeName":"Option","id":"cjdh30g8w005j0166jyyen6jf","fieldName":"responded"},{"_typeName":"Response","id":"cjdhujmhq01ii01664laoo8a5","fieldName":"option"}],[{"_typeName":"Option","id":"cjdh30g8w005k01666blxg2f3","fieldName":"responded"},{"_typeName":"Response","id":"cjdhul8xj01io01664g3b61oh","fieldName":"option"}],[{"_typeName":"Option","id":"cjdh30g8w005j0166jyyen6jf","fieldName":"responded"},{"_typeName":"Response","id":"cjdhulb3b01it016601jn2j4t","fieldName":"option"}],[{"_typeName":"Option","id":"cjdh30g8w005j0166jyyen6jf","fieldName":"responded"},{"_typeName":"Response","id":"cjdhuld8s01iz0166lautkas6","fieldName":"option"}],[{"_typeName":"Option","id":"cjdh30g8w005k01666blxg2f3","fieldName":"responded"},{"_typeName":"Response","id":"cjdhulf1901j401669p2xw9t5","fieldName":"option"}],[{"_typeName":"Option","id":"cjdh30g8w005k01666blxg2f3","fieldName":"responded"},{"_typeName":"Response","id":"cjdhulgft01j90166no8kiroz","fieldName":"option"}],[{"_typeName":"Option","id":"cjdh30g8w005j0166jyyen6jf","fieldName":"responded"},{"_typeName":"Response","id":"cjdhumfk501jj01664x019bxu","fieldName":"option"}],[{"_typeName":"Option","id":"cjdh30g8w005k01666blxg2f3","fieldName":"responded"},{"_typeName":"Response","id":"cjdhurm8j01js01665nstldvo","fieldName":"option"}],[{"_typeName":"Option","id":"cjdh30g8w005k01666blxg2f3","fieldName":"responded"},{"_typeName":"Response","id":"cjdhurnzk01jx01665v2bt2k8","fieldName":"option"}],[{"_typeName":"Option","id":"cjdh30g8w005k01666blxg2f3","fieldName":"responded"},{"_typeName":"Response","id":"cjdhurot901k201665ovuaj1d","fieldName":"option"}],[{"_typeName":"Option","id":"cjdh30g8w005j0166jyyen6jf","fieldName":"responded"},{"_typeName":"Response","id":"cjdhurs4901k80166nsinny1o","fieldName":"option"}],[{"_typeName":"Option","id":"cjdh30g8w005k01666blxg2f3","fieldName":"responded"},{"_typeName":"Response","id":"cjdhurvid01kd0166h6x08i7f","fieldName":"option"}],[{"_typeName":"Option","id":"cjdh30g8w005k01666blxg2f3","fieldName":"responded"},{"_typeName":"Response","id":"cjdhux5yi01l30166ceom53yb","fieldName":"option"}],[{"_typeName":"Option","id":"cjdh30g8w005k01666blxg2f3","fieldName":"responded"},{"_typeName":"Response","id":"cjdhux8y301l801666jwg9p65","fieldName":"option"}],[{"_typeName":"Option","id":"cjdh30g8w005k01666blxg2f3","fieldName":"responded"},{"_typeName":"Response","id":"cjdhuxdvj01le0166wf5jo0dv","fieldName":"option"}],[{"_typeName":"Option","id":"cjdh30g8w005j0166jyyen6jf","fieldName":"responded"},{"_typeName":"Response","id":"cjdhuxjnk01lj01660moc5zet","fieldName":"option"}],[{"_typeName":"Option","id":"cjdh30g8w005j0166jyyen6jf","fieldName":"responded"},{"_typeName":"Response","id":"cjdhuxozk01lp0166gwmuyh14","fieldName":"option"}],[{"_typeName":"Option","id":"cjdh30g8w005j0166jyyen6jf","fieldName":"responded"},{"_typeName":"Response","id":"cjdhuz02d01lv016683ui4xuy","fieldName":"option"}],[{"_typeName":"Option","id":"cjdh30g8w005j0166jyyen6jf","fieldName":"responded"},{"_typeName":"Response","id":"cjdhuz46001m1016612xmn7sb","fieldName":"option"}],[{"_typeName":"Option","id":"cjdh30g8w005k01666blxg2f3","fieldName":"responded"},{"_typeName":"Response","id":"cjdhuz78101m6016641bofepf","fieldName":"option"}],[{"_typeName":"Option","id":"cjdh30g8w005k01666blxg2f3","fieldName":"responded"},{"_typeName":"Response","id":"cjdhv1f9501mo0166qsmg2nyf","fieldName":"option"}],[{"_typeName":"Option","id":"cjdh30g8w005j0166jyyen6jf","fieldName":"responded"},{"_typeName":"Response","id":"cjdhv2t9701n10166bwuon4l6","fieldName":"option"}],[{"_typeName":"Option","id":"cjdh30g8w005j0166jyyen6jf","fieldName":"responded"},{"_typeName":"Response","id":"cjdhv4q5301n701667mon8o9h","fieldName":"option"}],[{"_typeName":"Option","id":"cjdh30g8w005k01666blxg2f3","fieldName":"responded"},{"_typeName":"Response","id":"cjdhv4tbv01nc0166cuvy5omx","fieldName":"option"}],[{"_typeName":"Option","id":"cjdh30g8w005k01666blxg2f3","fieldName":"responded"},{"_typeName":"Response","id":"cjdhv4vcq01ni01666wlu2z1k","fieldName":"option"}],[{"_typeName":"Option","id":"cjdh30g8w005k01666blxg2f3","fieldName":"responded"},{"_typeName":"Response","id":"cjdhv4x2r01nn0166n2ao6dke","fieldName":"option"}],[{"_typeName":"Option","id":"cjdh30g8w005k01666blxg2f3","fieldName":"responded"},{"_typeName":"Response","id":"cjdhv4yrv01ns01668z4f28lw","fieldName":"option"}],[{"_typeName":"Option","id":"cjdh30g8w005k01666blxg2f3","fieldName":"responded"},{"_typeName":"Response","id":"cjdhv50mi01nx0166ry2h5h5x","fieldName":"option"}],[{"_typeName":"Option","id":"cjdh30g8w005k01666blxg2f3","fieldName":"responded"},{"_typeName":"Response","id":"cjdhv524z01o30166tlex8wza","fieldName":"option"}],[{"_typeName":"Option","id":"cjdh30g8w005k01666blxg2f3","fieldName":"responded"},{"_typeName":"Response","id":"cjdhv53h301o80166sylb8tl6","fieldName":"option"}],[{"_typeName":"Option","id":"cjdh30g8w005k01666blxg2f3","fieldName":"responded"},{"_typeName":"Response","id":"cjdhv54iu01od01665eb757rg","fieldName":"option"}],[{"_typeName":"Option","id":"cjdh30g8w005k01666blxg2f3","fieldName":"responded"},{"_typeName":"Response","id":"cjdhv56f101oi016611yecxhu","fieldName":"option"}],[{"_typeName":"Option","id":"cjdh30g8w005k01666blxg2f3","fieldName":"responded"},{"_typeName":"Response","id":"cjdhv586101on016636sb1whf","fieldName":"option"}],[{"_typeName":"Option","id":"cjdh30g8w005k01666blxg2f3","fieldName":"responded"},{"_typeName":"Response","id":"cjdhv59yi01ot0166i825h4b4","fieldName":"option"}],[{"_typeName":"Option","id":"cjdh30g8w005k01666blxg2f3","fieldName":"responded"},{"_typeName":"Response","id":"cjdhv5bhk01oy0166y1dny0jg","fieldName":"option"}],[{"_typeName":"Option","id":"cjdh30g8w005k01666blxg2f3","fieldName":"responded"},{"_typeName":"Response","id":"cjdhv5cqo01p30166vj8oke24","fieldName":"option"}],[{"_typeName":"Option","id":"cjdh30g8w005k01666blxg2f3","fieldName":"responded"},{"_typeName":"Response","id":"cjdhv5dbc01p80166iwxpf6h6","fieldName":"option"}],[{"_typeName":"Option","id":"cjdh30g8w005k01666blxg2f3","fieldName":"responded"},{"_typeName":"Response","id":"cjdhv5dht01pd0166bx3254zi","fieldName":"option"}],[{"_typeName":"Option","id":"cjdh30g8w005k01666blxg2f3","fieldName":"responded"},{"_typeName":"Response","id":"cjdhv5dmx01pi0166t93256cw","fieldName":"option"}],[{"_typeName":"Option","id":"cjdh30g8w005k01666blxg2f3","fieldName":"responded"},{"_typeName":"Response","id":"cjdhv5ds301pn01667b9pd727","fieldName":"option"}],[{"_typeName":"Option","id":"cjdh30g8w005k01666blxg2f3","fieldName":"responded"},{"_typeName":"Response","id":"cjdhv5dww01ps0166c4flml1u","fieldName":"option"}],[{"_typeName":"Option","id":"cjdh30g8w005k01666blxg2f3","fieldName":"responded"},{"_typeName":"Response","id":"cjdhv5e1s01px01663w9hckez","fieldName":"option"}],[{"_typeName":"Option","id":"cjdh30g8w005k01666blxg2f3","fieldName":"responded"},{"_typeName":"Response","id":"cjdhv5e6j01q20166ux13krx5","fieldName":"option"}],[{"_typeName":"Option","id":"cjdh30g8w005k01666blxg2f3","fieldName":"responded"},{"_typeName":"Response","id":"cjdhv5fcg01q70166w7iiw1rh","fieldName":"option"}],[{"_typeName":"Option","id":"cjdh30g8w005k01666blxg2f3","fieldName":"responded"},{"_typeName":"Response","id":"cjdhv5hv201qd0166u7y1pl7a","fieldName":"option"}],[{"_typeName":"Option","id":"cjdh30g8w005k01666blxg2f3","fieldName":"responded"},{"_typeName":"Response","id":"cjdhv5jwq01qi01667pinboi7","fieldName":"option"}],[{"_typeName":"Option","id":"cjdh30g8w005k01666blxg2f3","fieldName":"responded"},{"_typeName":"Response","id":"cjdhv5lu701qn0166yrq6t9ji","fieldName":"option"}],[{"_typeName":"Option","id":"cjdh30g8w005k01666blxg2f3","fieldName":"responded"},{"_typeName":"Response","id":"cjdhv5nna01qs0166qyq4ktho","fieldName":"option"}],[{"_typeName":"Option","id":"cjdh30g8w005k01666blxg2f3","fieldName":"responded"},{"_typeName":"Response","id":"cjdhv5pqh01qy0166mbwslgmv","fieldName":"option"}],[{"_typeName":"Option","id":"cjdh30g8w005k01666blxg2f3","fieldName":"responded"},{"_typeName":"Response","id":"cjdhv5re901r30166kxyxpsbf","fieldName":"option"}],[{"_typeName":"Option","id":"cjdh34umw006301664zs9tfrh","fieldName":"responded"},{"_typeName":"Response","id":"cjdhv67ye01rf0166xjkn47o4","fieldName":"option"}],[{"_typeName":"Option","id":"cjdh34umw00640166aq10ax03","fieldName":"responded"},{"_typeName":"Response","id":"cjdhv6db901rl0166gmvi33w1","fieldName":"option"}],[{"_typeName":"Option","id":"cjdh34umw006501664zcwnzaf","fieldName":"responded"},{"_typeName":"Response","id":"cjdhv6g4401rq0166jimfrcst","fieldName":"option"}],[{"_typeName":"Option","id":"cjdh34umx00660166slmtcyq6","fieldName":"responded"},{"_typeName":"Response","id":"cjdhv6hg301rv01664kxidira","fieldName":"option"}],[{"_typeName":"Option","id":"cjdh34umy00670166sbl7kk30","fieldName":"responded"},{"_typeName":"Response","id":"cjdhv6iao01s00166npdw0fpp","fieldName":"option"}],[{"_typeName":"Option","id":"cjdh34umy006801669iw5rkey","fieldName":"responded"},{"_typeName":"Response","id":"cjdhv6kea01s60166hy26gyv7","fieldName":"option"}],[{"_typeName":"Option","id":"cjdh34umw006301664zs9tfrh","fieldName":"responded"},{"_typeName":"Response","id":"cjdhv892o01sc0166scfhhdnp","fieldName":"option"}],[{"_typeName":"Option","id":"cjdh34umy00670166sbl7kk30","fieldName":"responded"},{"_typeName":"Response","id":"cjdhv8kcc01si0166s4bzn3r7","fieldName":"option"}],[{"_typeName":"Option","id":"cjdh34umy006801669iw5rkey","fieldName":"responded"},{"_typeName":"Response","id":"cjdhv8sxl01so016649djte0b","fieldName":"option"}],[{"_typeName":"Option","id":"cjdh34umy00670166sbl7kk30","fieldName":"responded"},{"_typeName":"Response","id":"cjdhv8we801st0166vh06czsg","fieldName":"option"}],[{"_typeName":"Option","id":"cjdh34umw006301664zs9tfrh","fieldName":"responded"},{"_typeName":"Response","id":"cjdhv8zls01sz016611shmzuy","fieldName":"option"}],[{"_typeName":"Option","id":"cjdh34umw006301664zs9tfrh","fieldName":"responded"},{"_typeName":"Response","id":"cjdhv92r801t40166yx5ya068","fieldName":"option"}],[{"_typeName":"Option","id":"cjdh34umw006301664zs9tfrh","fieldName":"responded"},{"_typeName":"Response","id":"cjdhv95i601ta0166rdwu2eb0","fieldName":"option"}],[{"_typeName":"Option","id":"cjdh34umw006301664zs9tfrh","fieldName":"responded"},{"_typeName":"Response","id":"cjdhv99mj01tf01660glgsi4i","fieldName":"option"}],[{"_typeName":"Option","id":"cjdh34umw006301664zs9tfrh","fieldName":"responded"},{"_typeName":"Response","id":"cjdhv9ktm01tl0166b77nva54","fieldName":"option"}],[{"_typeName":"Option","id":"cjdh34umw006301664zs9tfrh","fieldName":"responded"},{"_typeName":"Response","id":"cjdhv9mvm01tq0166jxudbfmr","fieldName":"option"}],[{"_typeName":"Option","id":"cjdh34umy00670166sbl7kk30","fieldName":"responded"},{"_typeName":"Response","id":"cjdhvb4yz01tw0166lf7o7n28","fieldName":"option"}],[{"_typeName":"Option","id":"cjdh36e1n006l0166y6vmnzvo","fieldName":"responded"},{"_typeName":"Response","id":"cjdhvd3fv01ua0166j1hbmxwy","fieldName":"option"}],[{"_typeName":"Option","id":"cjdh36e1n006m0166omj2bn4a","fieldName":"responded"},{"_typeName":"Response","id":"cjdhvd68901uf0166zilqffao","fieldName":"option"}],[{"_typeName":"Option","id":"cjdh36e1n006m0166omj2bn4a","fieldName":"responded"},{"_typeName":"Response","id":"cjdhvdi6s01ul01668eh4gxth","fieldName":"option"}],[{"_typeName":"Option","id":"cjdh36e1n006l0166y6vmnzvo","fieldName":"responded"},{"_typeName":"Response","id":"cjdhvdn4k01ur0166ekum4den","fieldName":"option"}],[{"_typeName":"Option","id":"cjdh36e1n006l0166y6vmnzvo","fieldName":"responded"},{"_typeName":"Response","id":"cjdhvdoyw01uw0166cvru82ce","fieldName":"option"}],[{"_typeName":"Option","id":"cjdh36e1n006m0166omj2bn4a","fieldName":"responded"},{"_typeName":"Response","id":"cjdhve03901v20166ecvlozoe","fieldName":"option"}],[{"_typeName":"Option","id":"cjdh36e1n006m0166omj2bn4a","fieldName":"responded"},{"_typeName":"Response","id":"cjdhve0bf01v70166fmy5kz89","fieldName":"option"}],[{"_typeName":"Option","id":"cjdh36e1n006m0166omj2bn4a","fieldName":"responded"},{"_typeName":"Response","id":"cjdhve2qh01vd01668pi9gmdp","fieldName":"option"}],[{"_typeName":"Option","id":"cjdh2zaj3005a01663dl75ek9","fieldName":"responded"},{"_typeName":"Response","id":"cjdhwhmc301vp0166qjmsj6k2","fieldName":"option"}],[{"_typeName":"Option","id":"cjdh2zaj3005a01663dl75ek9","fieldName":"responded"},{"_typeName":"Response","id":"cjdhwho4q01vu0166ck5a9u61","fieldName":"option"}],[{"_typeName":"Option","id":"cjdh2zaj3005a01663dl75ek9","fieldName":"responded"},{"_typeName":"Response","id":"cjdhwhoqt01vz0166813x9x73","fieldName":"option"}],[{"_typeName":"Option","id":"cjdh2zaj3005a01663dl75ek9","fieldName":"responded"},{"_typeName":"Response","id":"cjdhwhr3p01w50166e8bu4e43","fieldName":"option"}],[{"_typeName":"Option","id":"cjdh2zaj3005a01663dl75ek9","fieldName":"responded"},{"_typeName":"Response","id":"cjdhwhszq01wa0166f6w21k8m","fieldName":"option"}],[{"_typeName":"Option","id":"cjdh2zair00590166yj25fca9","fieldName":"responded"},{"_typeName":"Response","id":"cjdhwhwt101wf0166k3i7uuow","fieldName":"option"}],[{"_typeName":"Option","id":"cjdh2zaj3005a01663dl75ek9","fieldName":"responded"},{"_typeName":"Response","id":"cjdhwhyin01wl01669ivp9oxu","fieldName":"option"}],[{"_typeName":"Option","id":"cjdh2zair00590166yj25fca9","fieldName":"responded"},{"_typeName":"Response","id":"cjdhwhzjg01wq0166a4mvk3qh","fieldName":"option"}],[{"_typeName":"Option","id":"cjdh2zair00590166yj25fca9","fieldName":"responded"},{"_typeName":"Response","id":"cjdhwhznr01wv0166zazfyopo","fieldName":"option"}],[{"_typeName":"Option","id":"cjdh2zair00590166yj25fca9","fieldName":"responded"},{"_typeName":"Response","id":"cjdhwi4h201x00166hdhv99yz","fieldName":"option"}],[{"_typeName":"Option","id":"cjdh2zair00590166yj25fca9","fieldName":"responded"},{"_typeName":"Response","id":"cjdhwi4lp01x50166pl4eka41","fieldName":"option"}],[{"_typeName":"Option","id":"cjdh2zair00590166yj25fca9","fieldName":"responded"},{"_typeName":"Response","id":"cjdhwi4p501xa01663vetvvd5","fieldName":"option"}],[{"_typeName":"Option","id":"cjdh2zair00590166yj25fca9","fieldName":"responded"},{"_typeName":"Response","id":"cjdhwi59t01xg0166n96nxlb2","fieldName":"option"}],[{"_typeName":"Option","id":"cjdh2zair00590166yj25fca9","fieldName":"responded"},{"_typeName":"Response","id":"cjdhwi5fm01xl01660unj8lsv","fieldName":"option"}],[{"_typeName":"Option","id":"cjdh2zair00590166yj25fca9","fieldName":"responded"},{"_typeName":"Response","id":"cjdhwi5kl01xq0166ec1dncmi","fieldName":"option"}],[{"_typeName":"Option","id":"cjdh2zair00590166yj25fca9","fieldName":"responded"},{"_typeName":"Response","id":"cjdhwi6xw01xv0166dfpys2go","fieldName":"option"}],[{"_typeName":"Option","id":"cjdh2zair00590166yj25fca9","fieldName":"responded"},{"_typeName":"Response","id":"cjdhwizkk01y101663lfw13i2","fieldName":"option"}],[{"_typeName":"Option","id":"cjdh2zair00590166yj25fca9","fieldName":"responded"},{"_typeName":"Response","id":"cjdhwj0up01y70166ekovfiyd","fieldName":"option"}],[{"_typeName":"Option","id":"cjdh2zair00590166yj25fca9","fieldName":"responded"},{"_typeName":"Response","id":"cjdhwj1it01yc01667fhlt6ct","fieldName":"option"}],[{"_typeName":"Option","id":"cjdh2zair00590166yj25fca9","fieldName":"responded"},{"_typeName":"Response","id":"cjdhwj1nc01yh0166sd9wojxh","fieldName":"option"}],[{"_typeName":"Option","id":"cjdh2zair00590166yj25fca9","fieldName":"responded"},{"_typeName":"Response","id":"cjdhwj2yk01ym01661hjwzlkk","fieldName":"option"}],[{"_typeName":"Option","id":"cjdh2zair00590166yj25fca9","fieldName":"responded"},{"_typeName":"Response","id":"cjdhwj6zk01yu0166xj4dx3o7","fieldName":"option"}],[{"_typeName":"Option","id":"cjdh2zair00590166yj25fca9","fieldName":"responded"},{"_typeName":"Response","id":"cjdhwj7e101yz0166bqmsoegp","fieldName":"option"}],[{"_typeName":"Option","id":"cjdh2zair00590166yj25fca9","fieldName":"responded"},{"_typeName":"Response","id":"cjdhwj92201z50166x1dsywqm","fieldName":"option"}],[{"_typeName":"Option","id":"cjdh2zair00590166yj25fca9","fieldName":"responded"},{"_typeName":"Response","id":"cjdhwlvsk01ze0166rgwukubo","fieldName":"option"}],[{"_typeName":"Option","id":"cjdh2zair00590166yj25fca9","fieldName":"responded"},{"_typeName":"Response","id":"cjdhwlwqf01zj0166lkm2dl4w","fieldName":"option"}],[{"_typeName":"Option","id":"cjdh2zair00590166yj25fca9","fieldName":"responded"},{"_typeName":"Response","id":"cjdhwlxa901zo0166lwuo8rvh","fieldName":"option"}],[{"_typeName":"Option","id":"cjdh2zair00590166yj25fca9","fieldName":"responded"},{"_typeName":"Response","id":"cjdhwlxyp01zt0166klwt93wo","fieldName":"option"}],[{"_typeName":"Option","id":"cjdh2zair00590166yj25fca9","fieldName":"responded"},{"_typeName":"Response","id":"cjdhwlyjy01zy0166t6fnnf2t","fieldName":"option"}],[{"_typeName":"Option","id":"cjdh2zair00590166yj25fca9","fieldName":"responded"},{"_typeName":"Response","id":"cjdhwlyyw020301663tngdjbw","fieldName":"option"}],[{"_typeName":"Option","id":"cjdh2zaj3005a01663dl75ek9","fieldName":"responded"},{"_typeName":"Response","id":"cjdhwlzt7020801669dlqrvdv","fieldName":"option"}],[{"_typeName":"Option","id":"cjdh2zaj3005a01663dl75ek9","fieldName":"responded"},{"_typeName":"Response","id":"cjdhwm0az020e0166snng7ccw","fieldName":"option"}],[{"_typeName":"Option","id":"cjdh2zaj3005a01663dl75ek9","fieldName":"responded"},{"_typeName":"Response","id":"cjdhwm0gl020j01662j3fwncq","fieldName":"option"}],[{"_typeName":"Option","id":"cjdh2zaj3005a01663dl75ek9","fieldName":"responded"},{"_typeName":"Response","id":"cjdhwm0mq020o0166iexuw8ge","fieldName":"option"}],[{"_typeName":"Option","id":"cjdh2zaj3005a01663dl75ek9","fieldName":"responded"},{"_typeName":"Response","id":"cjdhwm0rw020t0166tn998et5","fieldName":"option"}],[{"_typeName":"Option","id":"cjdh2zaj3005a01663dl75ek9","fieldName":"responded"},{"_typeName":"Response","id":"cjdhwm0wa020y0166c2gwt8oh","fieldName":"option"}],[{"_typeName":"Option","id":"cjdh2zaj3005a01663dl75ek9","fieldName":"responded"},{"_typeName":"Response","id":"cjdhwm10i02130166kpixkmnr","fieldName":"option"}],[{"_typeName":"Option","id":"cjdh2zaj3005a01663dl75ek9","fieldName":"responded"},{"_typeName":"Response","id":"cjdhwm14m021801662ernhbxm","fieldName":"option"}],[{"_typeName":"Option","id":"cjdh2zair00590166yj25fca9","fieldName":"responded"},{"_typeName":"Response","id":"cjdhwm2r0021d01667k2v281z","fieldName":"option"}],[{"_typeName":"Option","id":"cjdh2zair00590166yj25fca9","fieldName":"responded"},{"_typeName":"Response","id":"cjdhwm2v3021i0166yh54hhfk","fieldName":"option"}],[{"_typeName":"Option","id":"cjdh2zair00590166yj25fca9","fieldName":"responded"},{"_typeName":"Response","id":"cjdhwm47x021n01660b2ynptm","fieldName":"option"}],[{"_typeName":"Option","id":"cjdh2zair00590166yj25fca9","fieldName":"responded"},{"_typeName":"Response","id":"cjdhwm4cy021s0166ycsjqpu5","fieldName":"option"}],[{"_typeName":"Option","id":"cjdh2zair00590166yj25fca9","fieldName":"responded"},{"_typeName":"Response","id":"cjdhwm4hi021x0166uo2syqfq","fieldName":"option"}],[{"_typeName":"Option","id":"cjdh2zair00590166yj25fca9","fieldName":"responded"},{"_typeName":"Response","id":"cjdhwm4mb02220166udbp82cj","fieldName":"option"}],[{"_typeName":"Option","id":"cjdh2zair00590166yj25fca9","fieldName":"responded"},{"_typeName":"Response","id":"cjdhwm4qu022701663nidqyhe","fieldName":"option"}],[{"_typeName":"Option","id":"cjdh2zair00590166yj25fca9","fieldName":"responded"},{"_typeName":"Response","id":"cjdhwm4vh022c0166mz98cj03","fieldName":"option"}],[{"_typeName":"Option","id":"cjdh2zair00590166yj25fca9","fieldName":"responded"},{"_typeName":"Response","id":"cjdhwm50l022h0166jntaf89g","fieldName":"option"}],[{"_typeName":"Option","id":"cjdh2zair00590166yj25fca9","fieldName":"responded"},{"_typeName":"Response","id":"cjdhwm55p022m0166eaxfuvd1","fieldName":"option"}],[{"_typeName":"Option","id":"cjdh2zair00590166yj25fca9","fieldName":"responded"},{"_typeName":"Response","id":"cjdhwm5a9022r0166sjkl2veh","fieldName":"option"}],[{"_typeName":"Option","id":"cjdh2zair00590166yj25fca9","fieldName":"responded"},{"_typeName":"Response","id":"cjdhwm5et022w01661ukkf38g","fieldName":"option"}],[{"_typeName":"Option","id":"cjdh2zair00590166yj25fca9","fieldName":"responded"},{"_typeName":"Response","id":"cjdhwm5j102310166hyvocu0g","fieldName":"option"}],[{"_typeName":"Option","id":"cjdh2zaj3005a01663dl75ek9","fieldName":"responded"},{"_typeName":"Response","id":"cjdhwm6x102360166pt3rbg0g","fieldName":"option"}],[{"_typeName":"Option","id":"cjdh2zaj3005a01663dl75ek9","fieldName":"responded"},{"_typeName":"Response","id":"cjdhwm71t023b0166wb1qbw5r","fieldName":"option"}],[{"_typeName":"Option","id":"cjdh2zaj3005a01663dl75ek9","fieldName":"responded"},{"_typeName":"Response","id":"cjdhwm76u023g0166f8kbl6p2","fieldName":"option"}],[{"_typeName":"Option","id":"cjdh2zaj3005a01663dl75ek9","fieldName":"responded"},{"_typeName":"Response","id":"cjdhwm7c1023l016657feuy3t","fieldName":"option"}],[{"_typeName":"Option","id":"cjdh2zaj3005a01663dl75ek9","fieldName":"responded"},{"_typeName":"Response","id":"cjdhwm7h2023q01665gwcneks","fieldName":"option"}],[{"_typeName":"Option","id":"cjdh2zaj3005a01663dl75ek9","fieldName":"responded"},{"_typeName":"Response","id":"cjdhwm7m1023w01669svw8gs7","fieldName":"option"}],[{"_typeName":"Option","id":"cjdh2zaj3005a01663dl75ek9","fieldName":"responded"},{"_typeName":"Response","id":"cjdhwm7qv0241016629byw4vm","fieldName":"option"}],[{"_typeName":"Option","id":"cjdh2zaj3005a01663dl75ek9","fieldName":"responded"},{"_typeName":"Response","id":"cjdhwm7vs02460166rjge743d","fieldName":"option"}],[{"_typeName":"Option","id":"cjdh2zaj3005a01663dl75ek9","fieldName":"responded"},{"_typeName":"Response","id":"cjdhwm81f024b016608tym02h","fieldName":"option"}],[{"_typeName":"Option","id":"cjdh2zaj3005a01663dl75ek9","fieldName":"responded"},{"_typeName":"Response","id":"cjdhwm864024g0166h5htr30t","fieldName":"option"}],[{"_typeName":"Option","id":"cjdh2zaj3005a01663dl75ek9","fieldName":"responded"},{"_typeName":"Response","id":"cjdhwm8b6024l01668bcdhl0e","fieldName":"option"}],[{"_typeName":"Option","id":"cjdh2zaj3005a01663dl75ek9","fieldName":"responded"},{"_typeName":"Response","id":"cjdhwm8fj024q01669xkz4fhz","fieldName":"option"}],[{"_typeName":"Option","id":"cjdh2zaj3005a01663dl75ek9","fieldName":"responded"},{"_typeName":"Response","id":"cjdhwm8k7024v0166d6hd30sc","fieldName":"option"}],[{"_typeName":"Option","id":"cjdh2zaj3005a01663dl75ek9","fieldName":"responded"},{"_typeName":"Response","id":"cjdhwm8om02500166the994v9","fieldName":"option"}],[{"_typeName":"Option","id":"cjdh2zaj3005a01663dl75ek9","fieldName":"responded"},{"_typeName":"Response","id":"cjdhwm8t902550166bjbql9wb","fieldName":"option"}],[{"_typeName":"Option","id":"cjdh2zaj3005a01663dl75ek9","fieldName":"responded"},{"_typeName":"Response","id":"cjdhwm8xg025a0166545ravc0","fieldName":"option"}],[{"_typeName":"Option","id":"cjdh2zaj3005a01663dl75ek9","fieldName":"responded"},{"_typeName":"Response","id":"cjdhwm923025f0166akw81i8u","fieldName":"option"}],[{"_typeName":"Option","id":"cjdh2zaj3005a01663dl75ek9","fieldName":"responded"},{"_typeName":"Response","id":"cjdhwm96r025k01663j06bfd5","fieldName":"option"}],[{"_typeName":"Option","id":"cjdh2zaj3005a01663dl75ek9","fieldName":"responded"},{"_typeName":"Response","id":"cjdhwm9bh025p0166ohybymzd","fieldName":"option"}],[{"_typeName":"Option","id":"cjdh2zaj3005a01663dl75ek9","fieldName":"responded"},{"_typeName":"Response","id":"cjdhwm9gd025u0166etjanwey","fieldName":"option"}],[{"_typeName":"Option","id":"cjdh2zaj3005a01663dl75ek9","fieldName":"responded"},{"_typeName":"Response","id":"cjdhwm9l0025z0166cu0alhpq","fieldName":"option"}],[{"_typeName":"Option","id":"cjdh2zaj3005a01663dl75ek9","fieldName":"responded"},{"_typeName":"Response","id":"cjdhwm9q0026401662ua76xq5","fieldName":"option"}],[{"_typeName":"Option","id":"cjdh2zaj3005a01663dl75ek9","fieldName":"responded"},{"_typeName":"Response","id":"cjdhwm9tx02690166fl2bjqak","fieldName":"option"}],[{"_typeName":"Option","id":"cjdh2zaj3005a01663dl75ek9","fieldName":"responded"},{"_typeName":"Response","id":"cjdhwmb4q026e0166awi4eo06","fieldName":"option"}],[{"_typeName":"Option","id":"cjdh2zaj3005a01663dl75ek9","fieldName":"responded"},{"_typeName":"Response","id":"cjdj2qk9n00dw0166931j7atd","fieldName":"option"}],[{"_typeName":"Option","id":"cjdh2zaj3005a01663dl75ek9","fieldName":"responded"},{"_typeName":"Response","id":"cjdj2r2qb00e10166omo1ia2n","fieldName":"option"}],[{"_typeName":"Option","id":"cjdh2zaj3005a01663dl75ek9","fieldName":"responded"},{"_typeName":"Response","id":"cjdj2sd3600e601666lbjvfkt","fieldName":"option"}],[{"_typeName":"Option","id":"cjdh2zair00590166yj25fca9","fieldName":"responded"},{"_typeName":"Response","id":"cjdj2t39h00ec01668bcg5xv3","fieldName":"option"}],[{"_typeName":"Option","id":"cjdh2zaj3005a01663dl75ek9","fieldName":"responded"},{"_typeName":"Response","id":"cjdj2t53s00eh0166q2j78tmd","fieldName":"option"}],[{"_typeName":"Option","id":"cjdh2zaj3005a01663dl75ek9","fieldName":"responded"},{"_typeName":"Response","id":"cjdj2t5mp00em0166q5ch3cqj","fieldName":"option"}],[{"_typeName":"Option","id":"cjdh2zaj3005a01663dl75ek9","fieldName":"responded"},{"_typeName":"Response","id":"cjdj2t9kx00es0166kpy6mtx4","fieldName":"option"}],[{"_typeName":"Option","id":"cjdh2zaj3005a01663dl75ek9","fieldName":"responded"},{"_typeName":"Response","id":"cjdj2taw900ex0166vasxhe5d","fieldName":"option"}],[{"_typeName":"Option","id":"cjdh2zaj3005a01663dl75ek9","fieldName":"responded"},{"_typeName":"Response","id":"cjdj2tcj200f20166yqlkbn2v","fieldName":"option"}],[{"_typeName":"Option","id":"cjdh2zaj3005a01663dl75ek9","fieldName":"responded"},{"_typeName":"Response","id":"cjdj2te9y00f70166vchi5upg","fieldName":"option"}],[{"_typeName":"Option","id":"cjdh2zaj3005a01663dl75ek9","fieldName":"responded"},{"_typeName":"Response","id":"cjdj2tf3000fc01668fo0zihh","fieldName":"option"}],[{"_typeName":"Option","id":"cjdh2zaj3005a01663dl75ek9","fieldName":"responded"},{"_typeName":"Response","id":"cjdj2th3o00fi0166jugcelju","fieldName":"option"}],[{"_typeName":"Option","id":"cjdh2zaj3005a01663dl75ek9","fieldName":"responded"},{"_typeName":"Response","id":"cjdj2tk7o00fn016655wrz22a","fieldName":"option"}],[{"_typeName":"Option","id":"cjdh2zaj3005a01663dl75ek9","fieldName":"responded"},{"_typeName":"Response","id":"cjdj2tlti00fs01666wub1051","fieldName":"option"}],[{"_typeName":"Option","id":"cjdh2zaj3005a01663dl75ek9","fieldName":"responded"},{"_typeName":"Response","id":"cjdj2tsai00fy0166knxhbmvd","fieldName":"option"}],[{"_typeName":"Option","id":"cjdh2zaj3005a01663dl75ek9","fieldName":"responded"},{"_typeName":"Response","id":"cjdj2ttds00g30166m99adhsm","fieldName":"option"}],[{"_typeName":"Option","id":"cjdh2zaj3005a01663dl75ek9","fieldName":"responded"},{"_typeName":"Response","id":"cjdj2tu2f00g80166op3tm312","fieldName":"option"}],[{"_typeName":"Option","id":"cjdh2zaj3005a01663dl75ek9","fieldName":"responded"},{"_typeName":"Response","id":"cjdj2tuwf00gd01662v0pxkn4","fieldName":"option"}],[{"_typeName":"Option","id":"cjdh2zaj3005a01663dl75ek9","fieldName":"responded"},{"_typeName":"Response","id":"cjdj2tvnp00gi0166oltayni3","fieldName":"option"}],[{"_typeName":"Option","id":"cjdh2zaj3005a01663dl75ek9","fieldName":"responded"},{"_typeName":"Response","id":"cjdj2twlp00go0166hixseu3x","fieldName":"option"}],[{"_typeName":"Option","id":"cjdh2zaj3005a01663dl75ek9","fieldName":"responded"},{"_typeName":"Response","id":"cjdj2txdm00gt0166keyp60jv","fieldName":"option"}],[{"_typeName":"Option","id":"cjdh2zaj3005a01663dl75ek9","fieldName":"responded"},{"_typeName":"Response","id":"cjdj2tyac00gy01664facwmgh","fieldName":"option"}],[{"_typeName":"Option","id":"cjdh2zaj3005a01663dl75ek9","fieldName":"responded"},{"_typeName":"Response","id":"cjdj2ujis00h401666iy1y46a","fieldName":"option"}],[{"_typeName":"Option","id":"cjdh2zaj3005a01663dl75ek9","fieldName":"responded"},{"_typeName":"Response","id":"cjdj2un9w00h90166chtpf72k","fieldName":"option"}],[{"_typeName":"Option","id":"cjdh2zaj3005a01663dl75ek9","fieldName":"responded"},{"_typeName":"Response","id":"cjdj2uq7c00he0166mfkwfm4j","fieldName":"option"}],[{"_typeName":"Option","id":"cjdh2zaj3005a01663dl75ek9","fieldName":"responded"},{"_typeName":"Response","id":"cjdj2urqp00hk016607frkbkc","fieldName":"option"}],[{"_typeName":"Option","id":"cjdh2zaj3005a01663dl75ek9","fieldName":"responded"},{"_typeName":"Response","id":"cjdj2utng00hp0166uw6qv2hc","fieldName":"option"}],[{"_typeName":"Option","id":"cjdh2zaj3005a01663dl75ek9","fieldName":"responded"},{"_typeName":"Response","id":"cjdj2uu6u00hu0166az46o83z","fieldName":"option"}],[{"_typeName":"Option","id":"cjdh2zaj3005a01663dl75ek9","fieldName":"responded"},{"_typeName":"Response","id":"cjdj2uuk600hz0166tncwd7fi","fieldName":"option"}],[{"_typeName":"Option","id":"cjdh2zaj3005a01663dl75ek9","fieldName":"responded"},{"_typeName":"Response","id":"cjdj2uuqg00i40166qk25hqq5","fieldName":"option"}],[{"_typeName":"Option","id":"cjdh2zaj3005a01663dl75ek9","fieldName":"responded"},{"_typeName":"Response","id":"cjdj2uuxr00i90166qf2wl1d9","fieldName":"option"}],[{"_typeName":"Option","id":"cjdh2zaj3005a01663dl75ek9","fieldName":"responded"},{"_typeName":"Response","id":"cjdj2uv3d00ie0166zl9kjyo2","fieldName":"option"}],[{"_typeName":"Option","id":"cjdh2zaj3005a01663dl75ek9","fieldName":"responded"},{"_typeName":"Response","id":"cjdj2uv8w00ij0166d8r3xk74","fieldName":"option"}],[{"_typeName":"Option","id":"cjdh2zaj3005a01663dl75ek9","fieldName":"responded"},{"_typeName":"Response","id":"cjdj2uveh00io0166h1wl6wju","fieldName":"option"}],[{"_typeName":"Option","id":"cjdh2zaj3005a01663dl75ek9","fieldName":"responded"},{"_typeName":"Response","id":"cjdj2uvj200it01660d0ydn04","fieldName":"option"}],[{"_typeName":"Option","id":"cjdh2zaj3005a01663dl75ek9","fieldName":"responded"},{"_typeName":"Response","id":"cjdj2uvt000iy01661wx7g1o4","fieldName":"option"}],[{"_typeName":"Option","id":"cjdh2zaj3005a01663dl75ek9","fieldName":"responded"},{"_typeName":"Response","id":"cjdj2uvya00j30166ixln880a","fieldName":"option"}],[{"_typeName":"Option","id":"cjdh2zaj3005a01663dl75ek9","fieldName":"responded"},{"_typeName":"Response","id":"cjdj2uw3300j801661uecws32","fieldName":"option"}],[{"_typeName":"Option","id":"cjdh34umy006801669iw5rkey","fieldName":"responded"},{"_typeName":"Response","id":"cjdj3ttkc00kb016699q62weg","fieldName":"option"}],[{"_typeName":"Option","id":"cjdh34umy00670166sbl7kk30","fieldName":"responded"},{"_typeName":"Response","id":"cjdj3tw3i00kg0166z4afkx5s","fieldName":"option"}],[{"_typeName":"Option","id":"cjdh34umy006801669iw5rkey","fieldName":"responded"},{"_typeName":"Response","id":"cjdj3txzf00km0166s4vtl3f8","fieldName":"option"}],[{"_typeName":"Option","id":"cjdh34umy006801669iw5rkey","fieldName":"responded"},{"_typeName":"Response","id":"cjdj3ty8t00kr0166qkmchw0x","fieldName":"option"}],[{"_typeName":"Option","id":"cjdh34umy006801669iw5rkey","fieldName":"responded"},{"_typeName":"Response","id":"cjdj3tyeh00kw01666nnr0pu6","fieldName":"option"}],[{"_typeName":"Option","id":"cjdh34umy006801669iw5rkey","fieldName":"responded"},{"_typeName":"Response","id":"cjdj3tyks00l10166ohporjjm","fieldName":"option"}],[{"_typeName":"Option","id":"cjdh34umy006801669iw5rkey","fieldName":"responded"},{"_typeName":"Response","id":"cjdj3tyqa00l60166qt7x3ffz","fieldName":"option"}],[{"_typeName":"Option","id":"cjdh34umy006801669iw5rkey","fieldName":"responded"},{"_typeName":"Response","id":"cjdj3tyvy00lb0166ufyjp5qu","fieldName":"option"}],[{"_typeName":"Option","id":"cjdh34umy006801669iw5rkey","fieldName":"responded"},{"_typeName":"Response","id":"cjdj3tz1x00lg01664gped41m","fieldName":"option"}],[{"_typeName":"Option","id":"cjdh34umy006801669iw5rkey","fieldName":"responded"},{"_typeName":"Response","id":"cjdj3tz8f00ll0166o6iink33","fieldName":"option"}],[{"_typeName":"Option","id":"cjdh34umy006801669iw5rkey","fieldName":"responded"},{"_typeName":"Response","id":"cjdj3tzdk00lq0166l0xb0ps0","fieldName":"option"}],[{"_typeName":"Option","id":"cjdh34umy006801669iw5rkey","fieldName":"responded"},{"_typeName":"Response","id":"cjdj3tzkk00lv01663alz0duh","fieldName":"option"}],[{"_typeName":"Option","id":"cjdh34umy006801669iw5rkey","fieldName":"responded"},{"_typeName":"Response","id":"cjdj3tzsj00m00166p1w1jpuf","fieldName":"option"}],[{"_typeName":"Option","id":"cjdh34umy006801669iw5rkey","fieldName":"responded"},{"_typeName":"Response","id":"cjdj3u01p00m50166x6vluadh","fieldName":"option"}],[{"_typeName":"Option","id":"cjdh34umy006801669iw5rkey","fieldName":"responded"},{"_typeName":"Response","id":"cjdj3u09j00ma0166gegw601y","fieldName":"option"}],[{"_typeName":"Option","id":"cjdh34umy006801669iw5rkey","fieldName":"responded"},{"_typeName":"Response","id":"cjdj3u0el00mf0166mj3hreeb","fieldName":"option"}],[{"_typeName":"Option","id":"cjdh34umy006801669iw5rkey","fieldName":"responded"},{"_typeName":"Response","id":"cjdj3u0ly00mk0166cdhl1kmh","fieldName":"option"}],[{"_typeName":"Option","id":"cjdh34umy006801669iw5rkey","fieldName":"responded"},{"_typeName":"Response","id":"cjdj3u0uf00mp0166bg4fw3bz","fieldName":"option"}],[{"_typeName":"Option","id":"cjdh34umy006801669iw5rkey","fieldName":"responded"},{"_typeName":"Response","id":"cjdj3u11d00mu01663lhz2etm","fieldName":"option"}],[{"_typeName":"Option","id":"cjdh34umy006801669iw5rkey","fieldName":"responded"},{"_typeName":"Response","id":"cjdj3u1bl00mz0166vrv72ww3","fieldName":"option"}],[{"_typeName":"Option","id":"cjdh34umy006801669iw5rkey","fieldName":"responded"},{"_typeName":"Response","id":"cjdj3u1ix00n40166zuxqsqjo","fieldName":"option"}],[{"_typeName":"Option","id":"cjdh34umy006801669iw5rkey","fieldName":"responded"},{"_typeName":"Response","id":"cjdj3u1zp00n90166chyz8n2g","fieldName":"option"}],[{"_typeName":"Option","id":"cjdh34umy006801669iw5rkey","fieldName":"responded"},{"_typeName":"Response","id":"cjdj3u34u00ne01666pbk332l","fieldName":"option"}],[{"_typeName":"Option","id":"cjdh34umy006801669iw5rkey","fieldName":"responded"},{"_typeName":"Response","id":"cjdj3u3ld00nj01667uzqwkye","fieldName":"option"}],[{"_typeName":"Option","id":"cjdh34umy006801669iw5rkey","fieldName":"responded"},{"_typeName":"Response","id":"cjdj3u3vb00no0166a9luptqt","fieldName":"option"}],[{"_typeName":"Option","id":"cjdh34umw00640166aq10ax03","fieldName":"responded"},{"_typeName":"Response","id":"cjdj43zjz00nu0166pkxeiy6c","fieldName":"option"}],[{"_typeName":"Option","id":"cjdh34umw006501664zcwnzaf","fieldName":"responded"},{"_typeName":"Response","id":"cjdj442kk00nz0166m82vo43d","fieldName":"option"}],[{"_typeName":"Option","id":"cjdh34umx00660166slmtcyq6","fieldName":"responded"},{"_typeName":"Response","id":"cjdj4448700o40166gmp86z15","fieldName":"option"}],[{"_typeName":"Option","id":"cjdh34umy00670166sbl7kk30","fieldName":"responded"},{"_typeName":"Response","id":"cjdj45o5700oa0166vnwxk1cy","fieldName":"option"}],[{"_typeName":"Option","id":"cjdh34umy006801669iw5rkey","fieldName":"responded"},{"_typeName":"Response","id":"cjdj45oun00of0166i2vrhljs","fieldName":"option"}],[{"_typeName":"Option","id":"cjdh34umy00670166sbl7kk30","fieldName":"responded"},{"_typeName":"Response","id":"cjdj45puw00ol01662zezqvjd","fieldName":"option"}],[{"_typeName":"Option","id":"cjdh34umy00670166sbl7kk30","fieldName":"responded"},{"_typeName":"Response","id":"cjdj45qp900oq01663zl0qgy6","fieldName":"option"}],[{"_typeName":"Option","id":"cjdh34umy00670166sbl7kk30","fieldName":"responded"},{"_typeName":"Response","id":"cjdj45qvq00ov0166r0sj6jud","fieldName":"option"}],[{"_typeName":"Option","id":"cjdh34umy00670166sbl7kk30","fieldName":"responded"},{"_typeName":"Response","id":"cjdj45r2o00p001667m9nsrft","fieldName":"option"}],[{"_typeName":"Option","id":"cjdh34umy00670166sbl7kk30","fieldName":"responded"},{"_typeName":"Response","id":"cjdj45r8q00p50166d7ivwal4","fieldName":"option"}],[{"_typeName":"Option","id":"cjdh34umy00670166sbl7kk30","fieldName":"responded"},{"_typeName":"Response","id":"cjdj45rfd00pa01665ulbjvk5","fieldName":"option"}],[{"_typeName":"Option","id":"cjdh34umy00670166sbl7kk30","fieldName":"responded"},{"_typeName":"Response","id":"cjdj45rlu00pf0166gtgwv88m","fieldName":"option"}],[{"_typeName":"Option","id":"cjdh34umy00670166sbl7kk30","fieldName":"responded"},{"_typeName":"Response","id":"cjdj45rs800pk0166qg09co08","fieldName":"option"}],[{"_typeName":"Option","id":"cjdh34umy00670166sbl7kk30","fieldName":"responded"},{"_typeName":"Response","id":"cjdj45rx800pp0166tmcmesd6","fieldName":"option"}],[{"_typeName":"Option","id":"cjdh34umy00670166sbl7kk30","fieldName":"responded"},{"_typeName":"Response","id":"cjdj45s3i00pu0166w4671qor","fieldName":"option"}],[{"_typeName":"Option","id":"cjdh34umy00670166sbl7kk30","fieldName":"responded"},{"_typeName":"Response","id":"cjdj45s8r00pz01660x8vj7n5","fieldName":"option"}],[{"_typeName":"Option","id":"cjdh34umy00670166sbl7kk30","fieldName":"responded"},{"_typeName":"Response","id":"cjdj45sei00q401661dv2g3g7","fieldName":"option"}],[{"_typeName":"Option","id":"cjdh34umy00670166sbl7kk30","fieldName":"responded"},{"_typeName":"Response","id":"cjdj45sk200q90166foniwojk","fieldName":"option"}],[{"_typeName":"Option","id":"cjdh34umy00670166sbl7kk30","fieldName":"responded"},{"_typeName":"Response","id":"cjdj45swt00qe01664lgj4cs6","fieldName":"option"}],[{"_typeName":"Option","id":"cjdh34umy00670166sbl7kk30","fieldName":"responded"},{"_typeName":"Response","id":"cjdj45t3600qj0166x60mo7yi","fieldName":"option"}],[{"_typeName":"Option","id":"cjdh34umy00670166sbl7kk30","fieldName":"responded"},{"_typeName":"Response","id":"cjdj45tbb00qo0166zjqg95mk","fieldName":"option"}],[{"_typeName":"Option","id":"cjdh34umy00670166sbl7kk30","fieldName":"responded"},{"_typeName":"Response","id":"cjdj45tio00qt01663mczzkve","fieldName":"option"}],[{"_typeName":"Option","id":"cjdh34umy00670166sbl7kk30","fieldName":"responded"},{"_typeName":"Response","id":"cjdj45tq000qy0166zsl12bid","fieldName":"option"}],[{"_typeName":"Option","id":"cjdh34umy00670166sbl7kk30","fieldName":"responded"},{"_typeName":"Response","id":"cjdj45tw100r30166cmttigif","fieldName":"option"}],[{"_typeName":"Option","id":"cjdh34umy00670166sbl7kk30","fieldName":"responded"},{"_typeName":"Response","id":"cjdj45u2f00r80166tcta8os1","fieldName":"option"}],[{"_typeName":"Option","id":"cjdh34umy00670166sbl7kk30","fieldName":"responded"},{"_typeName":"Response","id":"cjdj45u9300rd0166p1nwrr8r","fieldName":"option"}],[{"_typeName":"Option","id":"cjdh34umy00670166sbl7kk30","fieldName":"responded"},{"_typeName":"Response","id":"cjdj45ued00ri0166ag1trvsl","fieldName":"option"}],[{"_typeName":"Option","id":"cjdh34umy00670166sbl7kk30","fieldName":"responded"},{"_typeName":"Response","id":"cjdj45ukb00rn0166sqcvoxsx","fieldName":"option"}],[{"_typeName":"Option","id":"cjdh34umy00670166sbl7kk30","fieldName":"responded"},{"_typeName":"Response","id":"cjdj45uqe00rs0166nqabhpjk","fieldName":"option"}],[{"_typeName":"Option","id":"cjdh34umy00670166sbl7kk30","fieldName":"responded"},{"_typeName":"Response","id":"cjdj45uwc00rx0166p2e3g6a2","fieldName":"option"}],[{"_typeName":"Option","id":"cjdh34umy00670166sbl7kk30","fieldName":"responded"},{"_typeName":"Response","id":"cjdj45v2700s201669rj8mk64","fieldName":"option"}],[{"_typeName":"Option","id":"cjdh34umy00670166sbl7kk30","fieldName":"responded"},{"_typeName":"Response","id":"cjdj45v7x00s70166lj7f3kla","fieldName":"option"}],[{"_typeName":"Option","id":"cjdh34umy00670166sbl7kk30","fieldName":"responded"},{"_typeName":"Response","id":"cjdj45vdm00sc0166lfi3qwjh","fieldName":"option"}],[{"_typeName":"Option","id":"cjdh34umy00670166sbl7kk30","fieldName":"responded"},{"_typeName":"Response","id":"cjdj45vjx00sh01660pqngn1l","fieldName":"option"}],[{"_typeName":"Option","id":"cjdh34umy00670166sbl7kk30","fieldName":"responded"},{"_typeName":"Response","id":"cjdj45vq200sm0166uj6ift08","fieldName":"option"}],[{"_typeName":"Option","id":"cjdh34umy00670166sbl7kk30","fieldName":"responded"},{"_typeName":"Response","id":"cjdj45vwk00sr0166ss2m30uv","fieldName":"option"}],[{"_typeName":"Option","id":"cjdh34umy00670166sbl7kk30","fieldName":"responded"},{"_typeName":"Response","id":"cjdj45w3600sw0166t6nn7f4f","fieldName":"option"}],[{"_typeName":"Option","id":"cjdh34umy00670166sbl7kk30","fieldName":"responded"},{"_typeName":"Response","id":"cjdj45w9700t101661mep4meo","fieldName":"option"}],[{"_typeName":"Option","id":"cjdh34umy00670166sbl7kk30","fieldName":"responded"},{"_typeName":"Response","id":"cjdj45wg300t60166g6fz6i5x","fieldName":"option"}],[{"_typeName":"Option","id":"cjdh34umy00670166sbl7kk30","fieldName":"responded"},{"_typeName":"Response","id":"cjdj45wmg00tb0166vxv9jd82","fieldName":"option"}],[{"_typeName":"Option","id":"cjdh34umy00670166sbl7kk30","fieldName":"responded"},{"_typeName":"Response","id":"cjdj45x2700th01667o5z3xrm","fieldName":"option"}],[{"_typeName":"Option","id":"cjdh34umy00670166sbl7kk30","fieldName":"responded"},{"_typeName":"Response","id":"cjdj45xb900tm0166ytbpa63o","fieldName":"option"}],[{"_typeName":"Option","id":"cjdh34umy00670166sbl7kk30","fieldName":"responded"},{"_typeName":"Response","id":"cjdj45xii00tr0166n5fnv64v","fieldName":"option"}],[{"_typeName":"Option","id":"cjdh34umy00670166sbl7kk30","fieldName":"responded"},{"_typeName":"Response","id":"cjdj45xt700tw0166gph8a29v","fieldName":"option"}],[{"_typeName":"Option","id":"cjdh34umy00670166sbl7kk30","fieldName":"responded"},{"_typeName":"Response","id":"cjdj45y2x00u1016616gdwi8n","fieldName":"option"}],[{"_typeName":"Option","id":"cjdh34umy00670166sbl7kk30","fieldName":"responded"},{"_typeName":"Response","id":"cjdj45yam00u60166nxhcz42z","fieldName":"option"}],[{"_typeName":"Option","id":"cjdh34umy00670166sbl7kk30","fieldName":"responded"},{"_typeName":"Response","id":"cjdj45yi200ub0166sx4zcy8j","fieldName":"option"}],[{"_typeName":"Option","id":"cjdh34umy00670166sbl7kk30","fieldName":"responded"},{"_typeName":"Response","id":"cjdj45ypm00ug0166bisawjd3","fieldName":"option"}],[{"_typeName":"Option","id":"cjdh34umy00670166sbl7kk30","fieldName":"responded"},{"_typeName":"Response","id":"cjdj45yxd00ul0166r2nh7uvj","fieldName":"option"}],[{"_typeName":"Option","id":"cjdh34umy00670166sbl7kk30","fieldName":"responded"},{"_typeName":"Response","id":"cjdj45z4j00uq0166x7esblo6","fieldName":"option"}],[{"_typeName":"Option","id":"cjdh34umy00670166sbl7kk30","fieldName":"responded"},{"_typeName":"Response","id":"cjdj45zbw00uv016688xtyqrk","fieldName":"option"}],[{"_typeName":"Option","id":"cjdh34umy00670166sbl7kk30","fieldName":"responded"},{"_typeName":"Response","id":"cjdj45zk500v00166vf8cpurv","fieldName":"option"}],[{"_typeName":"Option","id":"cjdh34umy00670166sbl7kk30","fieldName":"responded"},{"_typeName":"Response","id":"cjdj45zr200v50166qxm2m37c","fieldName":"option"}],[{"_typeName":"Option","id":"cjdh34umy00670166sbl7kk30","fieldName":"responded"},{"_typeName":"Response","id":"cjdj45zzz00va0166vlcu5r83","fieldName":"option"}],[{"_typeName":"Option","id":"cjdh34umy00670166sbl7kk30","fieldName":"responded"},{"_typeName":"Response","id":"cjdj4608j00vf0166hdidqv89","fieldName":"option"}],[{"_typeName":"Option","id":"cjdh34umy00670166sbl7kk30","fieldName":"responded"},{"_typeName":"Response","id":"cjdj460ib00vk0166tenoibi0","fieldName":"option"}],[{"_typeName":"Option","id":"cjdh34umy00670166sbl7kk30","fieldName":"responded"},{"_typeName":"Response","id":"cjdj460pw00vp01664ow8pld2","fieldName":"option"}],[{"_typeName":"Option","id":"cjdh34umy00670166sbl7kk30","fieldName":"responded"},{"_typeName":"Response","id":"cjdj460wt00vu0166vji34iaw","fieldName":"option"}],[{"_typeName":"Option","id":"cjdh34umy00670166sbl7kk30","fieldName":"responded"},{"_typeName":"Response","id":"cjdj4614z00vz0166xpii3uvb","fieldName":"option"}],[{"_typeName":"Option","id":"cjdh34umy00670166sbl7kk30","fieldName":"responded"},{"_typeName":"Response","id":"cjdj461cy00w401661w5tcd66","fieldName":"option"}],[{"_typeName":"Option","id":"cjdh34umy00670166sbl7kk30","fieldName":"responded"},{"_typeName":"Response","id":"cjdj461jj00w9016699e78m5s","fieldName":"option"}],[{"_typeName":"Option","id":"cjdh34umy00670166sbl7kk30","fieldName":"responded"},{"_typeName":"Response","id":"cjdj461qv00we016699bto7np","fieldName":"option"}],[{"_typeName":"Option","id":"cjdh34umy00670166sbl7kk30","fieldName":"responded"},{"_typeName":"Response","id":"cjdj4623g00wj0166x3hv9xau","fieldName":"option"}],[{"_typeName":"Option","id":"cjdh34umy00670166sbl7kk30","fieldName":"responded"},{"_typeName":"Response","id":"cjdj462j000wo01664cnldqvf","fieldName":"option"}],[{"_typeName":"Option","id":"cjdh34umy00670166sbl7kk30","fieldName":"responded"},{"_typeName":"Response","id":"cjdj462sj00wt0166s20jgdfp","fieldName":"option"}],[{"_typeName":"Option","id":"cjdh34umy00670166sbl7kk30","fieldName":"responded"},{"_typeName":"Response","id":"cjdj462ze00wy0166a44xvhai","fieldName":"option"}],[{"_typeName":"Option","id":"cjdh34umy00670166sbl7kk30","fieldName":"responded"},{"_typeName":"Response","id":"cjdj4638u00x30166btcit486","fieldName":"option"}],[{"_typeName":"Option","id":"cjdh34umy00670166sbl7kk30","fieldName":"responded"},{"_typeName":"Response","id":"cjdj463hh00x80166din10pbe","fieldName":"option"}],[{"_typeName":"Option","id":"cjdh34umy00670166sbl7kk30","fieldName":"responded"},{"_typeName":"Response","id":"cjdj463o000xd0166wafoj99w","fieldName":"option"}],[{"_typeName":"Option","id":"cjdh34umy00670166sbl7kk30","fieldName":"responded"},{"_typeName":"Response","id":"cjdj463u200xi01667bu2f04a","fieldName":"option"}],[{"_typeName":"Option","id":"cjdh34umy00670166sbl7kk30","fieldName":"responded"},{"_typeName":"Response","id":"cjdj463zp00xn01660ne7c6sj","fieldName":"option"}],[{"_typeName":"Option","id":"cjdh34umy00670166sbl7kk30","fieldName":"responded"},{"_typeName":"Response","id":"cjdj4646100xs0166iu8kedwr","fieldName":"option"}],[{"_typeName":"Option","id":"cjdh34umy00670166sbl7kk30","fieldName":"responded"},{"_typeName":"Response","id":"cjdj464c300xx0166ry1osmmz","fieldName":"option"}],[{"_typeName":"Option","id":"cjdh34umy00670166sbl7kk30","fieldName":"responded"},{"_typeName":"Response","id":"cjdj464i400y30166nt8sum1w","fieldName":"option"}],[{"_typeName":"Option","id":"cjdh34umy00670166sbl7kk30","fieldName":"responded"},{"_typeName":"Response","id":"cjdj464ny00y80166o3n7by3j","fieldName":"option"}],[{"_typeName":"Option","id":"cjdh34umy00670166sbl7kk30","fieldName":"responded"},{"_typeName":"Response","id":"cjdj464tt00yd0166t3lap8ip","fieldName":"option"}],[{"_typeName":"Option","id":"cjdh34umy00670166sbl7kk30","fieldName":"responded"},{"_typeName":"Response","id":"cjdj464zu00yi0166ah3fti5o","fieldName":"option"}],[{"_typeName":"Option","id":"cjdh34umy00670166sbl7kk30","fieldName":"responded"},{"_typeName":"Response","id":"cjdj4656500yn01667g98azbw","fieldName":"option"}],[{"_typeName":"Option","id":"cjdh34umy00670166sbl7kk30","fieldName":"responded"},{"_typeName":"Response","id":"cjdj465cn00ys0166fou5qswj","fieldName":"option"}],[{"_typeName":"Option","id":"cjdh34umy00670166sbl7kk30","fieldName":"responded"},{"_typeName":"Response","id":"cjdj465j400yx0166yejxptbk","fieldName":"option"}],[{"_typeName":"Option","id":"cjdh34umy00670166sbl7kk30","fieldName":"responded"},{"_typeName":"Response","id":"cjdj465pt00z20166c7bpb4i5","fieldName":"option"}],[{"_typeName":"Option","id":"cjdh34umy00670166sbl7kk30","fieldName":"responded"},{"_typeName":"Response","id":"cjdj465wg00z70166g8pkb8jj","fieldName":"option"}],[{"_typeName":"Option","id":"cjdh34umy00670166sbl7kk30","fieldName":"responded"},{"_typeName":"Response","id":"cjdj4663300zc0166ct30xxk0","fieldName":"option"}],[{"_typeName":"Option","id":"cjdh34umy00670166sbl7kk30","fieldName":"responded"},{"_typeName":"Response","id":"cjdj4669k00zh01667688d3s3","fieldName":"option"}],[{"_typeName":"Option","id":"cjdh34umy00670166sbl7kk30","fieldName":"responded"},{"_typeName":"Response","id":"cjdj466jo00zm0166b6u2pis5","fieldName":"option"}],[{"_typeName":"Option","id":"cjdh34umy00670166sbl7kk30","fieldName":"responded"},{"_typeName":"Response","id":"cjdj466m300zr0166ylywlmud","fieldName":"option"}],[{"_typeName":"Option","id":"cjdh34umy00670166sbl7kk30","fieldName":"responded"},{"_typeName":"Response","id":"cjdj466sh00zw0166mc7acdkz","fieldName":"option"}],[{"_typeName":"Option","id":"cjdh34umy00670166sbl7kk30","fieldName":"responded"},{"_typeName":"Response","id":"cjdj466z4010101667tep60bt","fieldName":"option"}],[{"_typeName":"Option","id":"cjdh34umy00670166sbl7kk30","fieldName":"responded"},{"_typeName":"Response","id":"cjdj4675f01060166thzyxxr1","fieldName":"option"}],[{"_typeName":"Option","id":"cjdh34umy00670166sbl7kk30","fieldName":"responded"},{"_typeName":"Response","id":"cjdj467c1010b0166f2qq3wv4","fieldName":"option"}],[{"_typeName":"Option","id":"cjdh34umy00670166sbl7kk30","fieldName":"responded"},{"_typeName":"Response","id":"cjdj467ia010g0166mtjcni7y","fieldName":"option"}],[{"_typeName":"Option","id":"cjdh34umy00670166sbl7kk30","fieldName":"responded"},{"_typeName":"Response","id":"cjdj467ov010l0166ak79qdq8","fieldName":"option"}],[{"_typeName":"Option","id":"cjdh34umy00670166sbl7kk30","fieldName":"responded"},{"_typeName":"Response","id":"cjdj467v9010q01661feb34td","fieldName":"option"}],[{"_typeName":"Option","id":"cjdh34umw006301664zs9tfrh","fieldName":"responded"},{"_typeName":"Response","id":"cjdj46bcx010v0166i855xizc","fieldName":"option"}],[{"_typeName":"Option","id":"cjdh34umw006301664zs9tfrh","fieldName":"responded"},{"_typeName":"Response","id":"cjdj46bjw01100166tdh4kjj6","fieldName":"option"}],[{"_typeName":"Option","id":"cjdh34umw006301664zs9tfrh","fieldName":"responded"},{"_typeName":"Response","id":"cjdj46br301150166cb7fv05n","fieldName":"option"}],[{"_typeName":"Option","id":"cjdh34umw00640166aq10ax03","fieldName":"responded"},{"_typeName":"Response","id":"cjdj46crg011b0166am8y6jkc","fieldName":"option"}],[{"_typeName":"Option","id":"cjdh34umw00640166aq10ax03","fieldName":"responded"},{"_typeName":"Response","id":"cjdj46cy1011g016629equ068","fieldName":"option"}],[{"_typeName":"Option","id":"cjdh34umw006501664zcwnzaf","fieldName":"responded"},{"_typeName":"Response","id":"cjdj46e11011l0166cfwfm2g5","fieldName":"option"}],[{"_typeName":"Option","id":"cjdh34umw006501664zcwnzaf","fieldName":"responded"},{"_typeName":"Response","id":"cjdj46e8k011q0166kbtzdd26","fieldName":"option"}],[{"_typeName":"Option","id":"cjdh34umx00660166slmtcyq6","fieldName":"responded"},{"_typeName":"Response","id":"cjdj46f60011v01660zdtm46v","fieldName":"option"}],[{"_typeName":"Option","id":"cjdh34umx00660166slmtcyq6","fieldName":"responded"},{"_typeName":"Response","id":"cjdj46fc901200166sckm6rav","fieldName":"option"}],[{"_typeName":"Option","id":"cjdh2zaj3005a01663dl75ek9","fieldName":"responded"},{"_typeName":"Response","id":"cjdj8f38i018l0166sx4pim74","fieldName":"option"}],[{"_typeName":"Answer","id":"cjdh2zaio00580166jm84g1bf","fieldName":"poll"},{"_typeName":"Poll","id":"cjdh2zahd00570166y5cnd8v9","fieldName":"answer"}],[{"_typeName":"Answer","id":"cjdh30g8v005i01661dnaryho","fieldName":"poll"},{"_typeName":"Poll","id":"cjdh30g8r005h0166pul5ozn2","fieldName":"answer"}],[{"_typeName":"Answer","id":"cjdh31zjw005s0166lbdhf5ha","fieldName":"poll"},{"_typeName":"Poll","id":"cjdh31zjw005r0166prch2vx5","fieldName":"answer"}],[{"_typeName":"Answer","id":"cjdh34umw00620166oqtrkhy4","fieldName":"poll"},{"_typeName":"Poll","id":"cjdh34ump00610166vk4vbyoj","fieldName":"answer"}],[{"_typeName":"Answer","id":"cjdh36e1m006k0166xfj1uwt8","fieldName":"poll"},{"_typeName":"Poll","id":"cjdh36e1m006j0166jdbz51q6","fieldName":"answer"}],[{"_typeName":"Option","id":"cjdh2zair00590166yj25fca9","fieldName":"pollAnswer"},{"_typeName":"Answer","id":"cjdh2zaio00580166jm84g1bf","fieldName":"options"}],[{"_typeName":"Option","id":"cjdh2zaj3005a01663dl75ek9","fieldName":"pollAnswer"},{"_typeName":"Answer","id":"cjdh2zaio00580166jm84g1bf","fieldName":"options"}],[{"_typeName":"Option","id":"cjdh30g8w005j0166jyyen6jf","fieldName":"pollAnswer"},{"_typeName":"Answer","id":"cjdh30g8v005i01661dnaryho","fieldName":"options"}],[{"_typeName":"Option","id":"cjdh30g8w005k01666blxg2f3","fieldName":"pollAnswer"},{"_typeName":"Answer","id":"cjdh30g8v005i01661dnaryho","fieldName":"options"}],[{"_typeName":"Option","id":"cjdh31zjx005t0166dv9d3rh5","fieldName":"pollAnswer"},{"_typeName":"Answer","id":"cjdh31zjw005s0166lbdhf5ha","fieldName":"options"}],[{"_typeName":"Option","id":"cjdh31zjx005u0166ts5lwkd1","fieldName":"pollAnswer"},{"_typeName":"Answer","id":"cjdh31zjw005s0166lbdhf5ha","fieldName":"options"}],[{"_typeName":"Option","id":"cjdh34umw006301664zs9tfrh","fieldName":"pollAnswer"},{"_typeName":"Answer","id":"cjdh34umw00620166oqtrkhy4","fieldName":"options"}],[{"_typeName":"Option","id":"cjdh34umw00640166aq10ax03","fieldName":"pollAnswer"},{"_typeName":"Answer","id":"cjdh34umw00620166oqtrkhy4","fieldName":"options"}],[{"_typeName":"Option","id":"cjdh34umw006501664zcwnzaf","fieldName":"pollAnswer"},{"_typeName":"Answer","id":"cjdh34umw00620166oqtrkhy4","fieldName":"options"}],[{"_typeName":"Option","id":"cjdh34umx00660166slmtcyq6","fieldName":"pollAnswer"},{"_typeName":"Answer","id":"cjdh34umw00620166oqtrkhy4","fieldName":"options"}],[{"_typeName":"Option","id":"cjdh34umy00670166sbl7kk30","fieldName":"pollAnswer"},{"_typeName":"Answer","id":"cjdh34umw00620166oqtrkhy4","fieldName":"options"}],[{"_typeName":"Option","id":"cjdh34umy006801669iw5rkey","fieldName":"pollAnswer"},{"_typeName":"Answer","id":"cjdh34umw00620166oqtrkhy4","fieldName":"options"}],[{"_typeName":"Option","id":"cjdh36e1n006l0166y6vmnzvo","fieldName":"pollAnswer"},{"_typeName":"Answer","id":"cjdh36e1m006k0166xfj1uwt8","fieldName":"options"}],[{"_typeName":"Option","id":"cjdh36e1n006m0166omj2bn4a","fieldName":"pollAnswer"},{"_typeName":"Answer","id":"cjdh36e1m006k0166xfj1uwt8","fieldName":"options"}]]}